Feature,Test,Stat,P-Value,Significance
Mass,ANOVA,19.29438946873688,7.545478307612396e-16,***
logP,ANOVA,6.064447089896692,7.150322482589192e-05,***
TPSA,ANOVA,9.025278345876078,2.812504958920145e-07,***
